Station,Station Name,Country,Watershed-Area,Latitude,Longitude,YR-MaxFlow-2015,Specific-YR-MaxFlow-2015,GM-MaxFlow-2015,Specific-GM-MaxFlow-2015,NGM-MaxFlow-2015,Specific-NGM-MaxFlow-2015,YR-MinFlow-2015,Specific-YR-MinFlow-2015,GM-MinFlow-2015,Specific-GM-MinFlow-2015,NGM-MinFlow-2015,Specific-NGM-MinFlow-2015,YR-MedianFlow-2015,Specific-YR-MedianFlow-2015,GM-MedianFlow-2015,Specific-GM-MedianFlow-2015,NGM-MedianFlow-2015,Specific-NGM-MedianFlow-2015,YR-Q95Flow-2015,Specific-YR-Q95-2015,GM-Q95Flow-2015,Specific-GM-Q95-2015,NGM-Q95Flow-2015,Specific-NGM-Q95-2015,YR-Q5Flow-2015,Specific-YR-Q5-2015,GM-Q5Flow-2015,Specific-GM-Q5-2015,NGM-Q5Flow-2015,Specific-NGM-Q5-2015,YR-BFI-2015,GM-BFI-2015,NGM-BFI-2015,YR-DOY-MaxFlow-2015,GM-DOY-MaxFlow-2015,NGM-DOY-MaxFlow-2015,YR-DOY-MinFlow-2015,GM-DOY-MinFlow-2015,NGM-DOY-MinFlow-2015,YR-RBI-2015,GM-RBI-2015,NGM-RBI-2015,YR-CVQ-2015,GM-CVQ-2015,NGM-CVQ-2015
02GA003,SYDENHAM RIVER NEAR ALVINSTON,Canada,701.1790315,42.83081,-81.85172,188,23.16555298,188,23.16555298,136,16.7580596,11.6,1.429363907,15.3,1.885281705,11.6,1.429363907,21.5,2.649252069,19.8,2.439776324,23.05,2.84024466,81.14,9.998154088,102.4,12.61783311,78.48,9.670386157,11.82,1.456472533,15.7,1.934570116,78.48,9.670386157,0.471192102,0.474538729,0.451625204,165,165,100,56,221,56,0.17,0.22,0.15,0.8018,0.8964,0.7203
02GA005,SYDENHAM RIVER AT FLORENCE,Canada,1149.322027,42.65061,-82.00839,,,,,,,,,,,,,,,,,,,,,,,,,,,,,,,,,,,,,,,,,,,,,
02GA010,SYDENHAM RIVER AT STRATHROY,Canada,170.5938779,42.95886,-81.62714,89.300003,45.22741586,64.900002,32.86964481,89.300003,45.22741586,2.3800001,1.205389145,2.3800001,1.205389145,2.53,1.281358995,5.6799998,2.876726813,4.0100002,2.030928786,6.5400002,3.312287781,28.2399992,14.30259961,21.1800004,10.72695021,38.63499955,19.56731392,2.6600001,1.347199627,2.5759999,1.304656381,38.63499955,19.56731392,0.470892225,0.465485612,0.479288525,101,161,101,269,269,287,0.26,0.27,0.26,1.1507,1.1587,1.0891
02GA014,BEAR CREEK NEAR PETROLIA,Canada,248.7221028,42.90583,-82.11911,69.699997,24.21208117,51.599998,17.9245824,69.699997,24.21208117,0.53200001,0.184803845,0.53200001,0.184803845,0.67000002,0.232741687,1.9,0.660013719,1.27,0.441167065,3.19999995,1.111602035,27.3799998,9.511144993,20.3,7.051725521,30.78,10.69222224,0.71360002,0.247887265,0.680599998,0.236423861,30.78,10.69222224,0.438127968,0.412227424,0.433161544,100,180,100,212,212,276,0.35,0.42,0.33,1.6672,1.9811,1.4878
02GA015,BEAR CREEK BELOW BRIGDEN,Canada,535.608101,42.81203,-82.29842,25.9,4.177980124,20.5,3.306895465,25.9,4.177980124,1.7,0.274230356,1.7,0.274230356,1.84,0.296814032,3.0699999,0.495227744,2.6700001,0.430702986,3.28,0.529103274,10.62999996,1.714746276,10.92,1.761526755,9.679499965,1.561419246,1.892,0.305202255,1.85,0.298427152,9.679499965,1.561419246,0.463568118,0.469940729,0.445758744,101,180,101,245,245,287,0.15,0.2,0.12,0.787,0.7982,0.7798
02GA016,BLACK CREEK NEAR BRADSHAW,Canada,213.3575584,42.76244,-82.25922,53.400002,21.62454523,53.400002,21.62454523,29.9,12.10812506,2.8,1.133871243,2.9200001,1.182465766,2.8,1.133871243,4.3800001,1.773698628,4.3800001,1.773698628,4.25,1.721054566,20.54,8.317755477,31.5000008,12.75605181,17.445,7.064422799,2.8800001,1.166267605,3.3659999,1.363075175,17.445,7.064422799,0.42859392,0.399801526,0.3535733,182,182,105,51,264,51,0.15,0.18,0.13,1.0429,1.2,0.7875
02GA018,LITTLE RIVER AT WINDSOR,Canada,55.2569403,42.30986,-82.9285,50.200001,78.492947,47.799999,74.7402931,50.200001,78.492947,0.257,0.401846354,0.257,0.401846354,0.31299999,0.48940819,1.86,2.908304353,1.08,1.68869285,2.785,4.354638507,19.32,30.20883876,12.94,20.23304211,22.7,35.49382194,0.39899999,0.623878176,0.361,0.564461221,22.7,35.49382194,0.443924572,0.361775233,0.461698235,100,160,100,214,214,276,0.43,0.58,0.38,1.5239,1.8734,1.3331
02GA023,THAMES RIVER AT BYRON,Canada,3082.608824,42.9625,-81.33178,8.4899998,0.237959477,8.4899998,0.237959477,5.52,0.154715706,0.27500001,0.007707757,0.37799999,0.010594662,0.27500001,0.007707757,0.57800001,0.016200304,0.56699997,0.015891993,0.588500025,0.016494601,3.16600006,0.088737307,3.23000006,0.090531112,2.87449999,0.080567082,0.340199998,0.009535196,0.422200006,0.011833509,2.87449999,0.080567082,0.434487702,0.414401152,0.419502369,167,167,100,50,130,50,0.27,0.27,0.28,0.9938,1.1033,0.9142
02GA024,THAMES RIVER AT THAMESVILLE,Canada,4370.375881,42.54486,-81.96727,,,,,,,,,,,,,,,,,,,,,,,,,,,,,,,,,,,,,,,,,,,,,
02GA028,DINGMAN CREEK BELOW LAMBETH,Canada,148.5857904,42.93411,-81.35131,104,60.4741542,104,60.4741542,23.1,13.43224002,0.55900002,0.32504859,2.04,1.186223794,0.55900002,0.32504859,3.45,2.006113769,3.05,1.773520868,3.6450001,2.119502866,18.98,11.03653314,21.4,12.44372019,17.974999,10.4521429,1.298,0.754763963,2.3259999,1.35252766,17.974999,10.4521429,0.407128972,0.395925251,0.37281446,164,164,365,71,204,71,0.22,0.33,0.11,1.4797,1.7326,0.8967
02GA029,THAMES RIVER NEAR DUTTON,Canada,3815.707943,42.73069,-81.57747,12,0.271718909,9.5600004,0.216469407,12,0.271718909,0.41800001,0.009464876,0.41800001,0.009464876,0.45899999,0.010393248,1.25,0.028304053,1.17,0.026492594,1.285,0.029096567,4.96399996,0.112401055,4.06200008,0.091976853,5.271499845,0.119363849,0.536200002,0.012141307,0.505999996,0.011457481,5.271499845,0.119363849,0.417123228,0.373033991,0.375758327,101,180,101,270,270,281,0.18,0.24,0.15,0.8743,0.8786,0.8634
02GA030,MCGREGOR CREEK NEAR CHATHAM,Canada,203.7962393,42.3835,-82.09506,2.71,1.14891227,1.75,0.741917518,2.71,1.14891227,0.028999999,0.012294633,0.028999999,0.012294633,0.029999999,0.012718586,0.090000004,0.03815576,0.064999998,0.027556936,0.1175,0.049814462,0.565799974,0.239872521,0.3716,0.157540885,0.662900008,0.281038359,0.036199998,0.015347093,0.033600001,0.014244817,0.662900008,0.281038359,0.405728887,0.440127522,0.41474521,76,159,76,269,269,276,0.44,0.46,0.43,1.5464,1.5597,1.4685
02GA031,OXBOW CREEK NEAR KILWORTH,Canada,85.66296022,42.966,-81.41803,2.1400001,2.158412553,1.91,1.926433543,2.1400001,2.158412553,0.17299999,0.174488473,0.17299999,0.174488473,0.178,0.179531503,0.31299999,0.315693026,0.34400001,0.346959769,0.29200001,0.294512363,0.971800014,0.980161332,0.9074,0.915207224,0.966200003,0.974513139,0.1914,0.193046796,0.18799999,0.189617532,0.966200003,0.974513139,0.479699367,0.463742713,0.413434409,101,180,101,270,270,276,0.14,0.19,0.11,0.6694,0.6239,0.7039
02GA039,THAMES RIVER NEAR EALING,Canada,1338.100895,42.97356,-81.20858,44.299999,2.860412042,44.299999,2.860412042,40.200001,2.595678771,0.14399999,0.009297953,0.14399999,0.009297953,0.145,0.009362523,0.70300001,0.045392093,0.33399999,0.021566086,1.805,0.116547265,13.32,0.860060706,11.62,0.750293198,13.645,0.88104567,0.1622,0.010473112,0.149600006,0.009659541,13.645,0.88104567,0.374713072,0.331467355,0.387720483,164,164,100,268,268,274,0.52,0.61,0.48,1.9939,2.8751,1.5681
02GA043,MIDDLE THAMES RIVER AT THAMESFORD,Canada,262.4022353,43.05911,-80.99486,0.954,0.314119275,0.954,0.314119275,0.91000003,0.299631604,0.092,0.030292425,0.103,0.033914345,0.092,0.030292425,0.146,0.048072761,0.12800001,0.042145986,0.1545,0.050871518,0.339000002,0.111621001,0.292000002,0.096145523,0.390849994,0.128693414,0.1052,0.034638729,0.1046,0.03444117,0.390849994,0.128693414,0.461829323,0.379434895,0.446620415,159,159,100,275,211,275,0.23,0.24,0.22,0.5855,0.6643,0.5262
02GA047,NORTH THAMES RIVER NEAR MITCHELL,Canada,315.3971446,43.45042,-81.20678,35.400002,9.697488469,27.9,7.642935395,35.400002,9.697488469,3.1199999,0.854693823,3.28,0.898524305,3.1199999,0.854693823,5.0100002,1.372441142,4.79,1.312174213,5.125,1.403944226,15.08,4.131020278,14.26,3.906389202,15.27,4.183068942,3.47,0.950572969,3.3960001,0.930301411,15.27,4.183068942,0.471167429,0.403258996,0.436323179,101,181,101,286,212,286,0.15,0.19,0.12,0.6895,0.6466,0.7179
02GB001,NORTH THAMES RIVER NEAR THORNDALE,Canada,1323.296042,43.14931,-81.19214,252,16.45346114,221,14.42942425,252,16.45346114,19.299999,1.260126125,19.299999,1.260126125,21.1,1.377650913,32.200001,2.102386766,28.700001,1.873866473,33.8500005,2.210117729,120.8,7.887214704,120.4,7.861098099,122.7,8.011268577,21.1200002,1.378956756,20.1600006,1.31627693,122.7,8.011268577,0.453016607,0.480266524,0.401639965,101,165,101,245,245,281,0.16,0.19,0.15,0.7798,0.8353,0.7425
02GB006,THAMES RIVER AT INGERSOLL,Canada,509.9464344,43.04128,-80.88617,21.1,3.574963716,19,3.21916164,21.1,3.574963716,0.18700001,0.031683329,0.19599999,0.033208192,0.18700001,0.031683329,0.58600003,0.099285727,0.46200001,0.078276458,0.6225,0.105469901,5.50400016,0.932540325,4.02599998,0.682123405,6.28350009,1.064610655,0.21719999,0.036800099,0.2126,0.036020724,6.28350009,1.064610655,0.475224917,0.40053546,0.457536319,101,161,101,288,270,288,0.27,0.34,0.24,1.627,1.8432,1.4991
02GB008,THAMES RIVER AT INNERKIP,Canada,148.8551636,43.21531,-80.69186,24.9,14.45270656,16.200001,9.402966297,24.9,14.45270656,0.60600001,0.351740575,0.60600001,0.351740575,0.67400002,0.39120982,1.76,1.021556769,1.3200001,0.766167635,1.91499995,1.111523387,8.92999974,5.183239593,6.86400002,3.984071411,10.29,5.97262452,0.691400006,0.401309293,0.66000003,0.383083806,10.29,5.97262452,0.4603664,0.429470362,0.417712745,102,162,102,246,246,289,0.16,0.19,0.15,1.1017,1.0298,1.08
02GB010,REYNOLDS CREEK NEAR PUTNAM,Canada,145.1354907,42.98156,-80.95461,12.6,7.500853132,12.6,7.500853132,11.5,6.846016748,0.092,0.054768134,0.171,0.101797293,0.092,0.054768134,0.57599998,0.342896131,0.42899999,0.255386184,0.646999985,0.385162846,5.32399988,3.16940803,2.748,1.63590035,5.747500155,3.421520202,0.196199992,0.116798994,0.2266,0.134896295,5.747500155,3.421520202,0.465989754,0.419575824,0.445624911,182,182,78,289,214,289,0.19,0.21,0.18,1.5418,1.9071,1.3422
02GC002,STONEY CREEK AT LONDON,Canada,37.32681254,43.022,-81.25344,42.200001,97.67992063,42.200001,97.67992063,39.099998,90.50437467,0.1,0.231469001,0.1,0.231469001,0.207,0.479140832,0.72899997,1.687408946,0.403,0.932820073,1.03,2.384130708,12.3,28.47068709,6.52799994,15.11029623,14.56,33.70188651,0.1454,0.336555927,0.1134,0.262485847,14.56,33.70188651,0.405254846,0.351219149,0.410471858,179,179,100,245,245,288,0.55,0.81,0.47,2.0792,2.7946,1.7743
02GC006,KETTLE CREEK AT ST. THOMAS,Canada,330.8813688,42.77769,-81.214,14.7,3.838475417,11.1,2.898440621,14.7,3.838475417,1.23,0.321178555,1.23,0.321178555,1.3099999,0.342068191,2.4300001,0.634523513,2.24,0.58491054,2.49,0.650190734,7.24799996,1.892603379,5.28200008,1.379239963,7.81449982,2.040528262,1.34,0.349901841,1.276,0.333190111,7.81449982,2.040528262,0.482889571,0.484835447,0.461944823,76,181,76,269,269,274,0.09,0.1,0.1,0.6637,0.6242,0.6621
02GC007,BIG CREEK NEAR DELHI,Canada,369.8316811,42.83772,-80.50989,27.5,6.424544249,16.700001,3.901450741,27.5,6.424544249,2.5,0.584049477,2.5,0.584049477,2.9200001,0.682169813,4.6599998,1.088668179,4.1700001,0.974194551,4.7449999,1.108525884,12.44,2.906230199,8.29199998,1.937175301,13.035,3.045233974,2.762,0.645257862,2.6099999,0.609747631,13.035,3.045233974,0.484526233,0.44398636,0.475309714,77,180,77,246,246,275,0.09,0.09,0.09,0.5881,0.5185,0.5904
02GC008,BIG CREEK NEAR WALSINGHAM,Canada,566.7337733,42.68561,-80.53847,5.6999998,0.868979415,4.4099998,0.672315646,5.6999998,0.868979415,0.81900001,0.124858627,0.81900001,0.124858627,0.84100002,0.128212584,1.29,0.196663769,1.29,0.196663769,1.3099999,0.199712805,3.05799992,0.466199838,2.39599994,0.365276263,3.6600001,0.557976291,0.887600014,0.135316872,0.862400016,0.131475068,3.6600001,0.557976291,0.471371917,0.429633556,0.447971511,100,179,100,270,270,275,0.14,0.14,0.14,0.5061,0.3992,0.5402
02GC010,LYNN RIVER AT SIMCOE,Canada,143.7553595,42.82333,-80.28944,33.700001,20.25441066,33.700001,20.25441066,25.5,15.32603729,0.77999997,0.468796417,0.77999997,0.468796417,0.94499999,0.567964905,1.5700001,0.94360314,1.38,0.829409077,1.685,1.012720503,10.08399998,6.060696459,8.16800044,4.909140365,10.39,6.244608918,0.898200008,0.53983713,0.826200008,0.496563613,10.39,6.244608918,0.433883683,0.426164786,0.415351311,179,179,76,251,251,275,0.26,0.35,0.22,1.3519,1.6133,1.1937
02GC011,BIG OTTER CREEK AT TILLSONBURG,Canada,354.1052234,42.85731,-80.72358,8.4700003,2.06664002,8.0699997,1.969041765,8.4700003,2.06664002,0.082000002,0.020007613,0.082000002,0.020007613,0.138,0.033671347,0.60900003,0.148593127,0.39199999,0.095646144,0.710000005,0.173236644,3.27400002,0.798840523,2.16399994,0.528005752,3.86149999,0.942187737,0.143200006,0.034940124,0.1134,0.027669064,3.86149999,0.942187737,0.474001324,0.478023248,0.440344493,77,180,77,245,245,290,0.22,0.25,0.21,1.2401,1.3659,1.1413
02GC017,BIG CREEK NEAR KELVIN,Canada,154.0392511,42.98681,-80.44469,8.3599997,4.689090403,8.3599997,4.689090403,6.77,3.797265929,0.169,0.094791424,0.169,0.094791424,0.25400001,0.14246759,0.405,0.227162881,0.35100001,0.196874502,0.433,0.242867969,2.518,1.412336132,1.63199994,0.915382241,2.654999945,1.489178853,0.1852,0.103877939,0.1766,0.099054234,2.654999945,1.489178853,0.443364873,0.253306614,0.434790881,179,179,76,245,245,275,0.27,0.32,0.24,1.3802,1.6788,1.2108
02GC018,BIG OTTER CREEK ABOVE OTTERVILLE,Canada,101.0806372,42.96583,-80.54258,32.099998,27.43789418,17.799999,15.21478254,32.099998,27.43789418,0.090000004,0.076928683,0.090000004,0.076928683,0.107,0.091459653,0.72799999,0.622267537,0.50199997,0.429091057,0.881500005,0.753473687,8.89799998,7.605682152,3.1520001,2.694213414,11.77,10.06056183,0.118,0.100862047,0.105,0.089750127,11.77,10.06056183,0.450985016,0.374745427,0.439862431,76,179,76,261,261,276,0.45,0.53,0.43,1.9967,1.9794,1.8003
02GC021,CATFISH CREEK NEAR SPARTA,Canada,294.4971293,42.74608,-81.05694,3.9400001,1.155923012,3.1900001,0.935886911,3.9400001,1.155923012,0.50800002,0.149037791,0.50800002,0.149037791,0.62,0.18189651,0.926,0.271671239,0.90100002,0.264336708,0.934500005,0.274164983,2.266,0.664802406,1.44400006,0.423642857,2.547999955,0.747535966,0.60799998,0.178375926,0.56599998,0.166053905,2.547999955,0.747535966,0.465828965,0.460770987,0.452417453,77,180,77,245,245,47,0.1,0.09,0.12,0.5219,0.4522,0.5379
02GC022,VENISON CREEK NEAR WALSINGHAM,Canada,93.15285723,42.65336,-80.54844,13.3,12.3358535,13.3,12.3358535,11.2,10.38808716,0.059,0.054722959,0.059,0.054722959,0.059999999,0.055650466,0.64499998,0.598242501,0.58099997,0.538881994,0.661000015,0.613082658,5.0199999,4.656088973,3.6800001,3.413228731,5.779499855,5.360531092,0.1772,0.164354379,0.183200004,0.169919429,5.779499855,5.360531092,0.481538704,0.455522463,0.469593399,179,179,76,254,254,295,0.29,0.35,0.26,1.3467,1.4763,1.2619
02GC026,NANTICOKE CREEK AT NANTICOKE,Canada,177.1669978,42.80992,-80.07617,57.400002,27.9925733,39.299999,19.16564572,57.400002,27.9925733,2.03,0.989981216,2.03,0.989981216,2.3299999,1.136283811,4.1999998,2.048236902,3.51,1.711740921,4.5149999,2.201854726,17.7400002,8.651363043,13.16,6.417809265,19.59500045,9.556001173,2.232,1.088491663,2.12200002,1.03484737,19.59500045,9.556001173,0.487459058,0.363654388,0.479456002,77,180,77,245,245,276,0.18,0.23,0.16,1.071,0.9978,1.0407
02GC029,BIG OTTER CREEK NEAR CALTON,Canada,664.5470657,42.71067,-80.84081,16.200001,2.106216638,16.200001,2.106216638,13.7,1.781183096,0.025,0.003250334,0.025,0.003250334,0.093000002,0.012091243,0.31,0.040304143,0.184,0.023922459,0.507500025,0.065981786,5.47799996,0.712213207,4.9039998,0.637585514,5.507,0.715983599,0.052200001,0.006786698,0.030599999,0.003978409,5.507,0.715983599,0.304496507,0.369072743,0.4655883,179,179,100,245,245,295,0.6,0.87,0.46,1.89,2.4012,1.6246
02GC030,KETTLE CREEK ABOVE ST. THOMAS,Canada,134.0810281,42.83519,-81.13472,14.8,9.536919713,11.6,7.474883018,14.8,9.536919713,0.068999998,0.044462665,0.068999998,0.044462665,0.096000001,0.061861101,0.37200001,0.239711772,0.28999999,0.186872069,0.446999995,0.288040748,3.68600002,2.375208531,1.524,0.982044976,4.60400009,2.966755352,0.096200001,0.061989979,0.074200001,0.047813477,4.60400009,2.966755352,0.436837202,0.387604409,0.429037185,74,179,74,269,269,275,0.47,0.61,0.43,1.9325,2.1856,1.7456
02GC031,CATFISH CREEK AT AYLMER,Canada,126.7011717,42.77375,-80.98267,17.1,11.6608235,17,11.59263155,17.1,11.6608235,0.004,0.002727678,0.004,0.002727678,0.022,0.015002229,0.175,0.119335913,0.138,0.094104891,0.2125,0.144907894,3.37200006,2.299432604,1.728,1.178356901,4.269499845,2.911455211,0.013,0.008864954,0.0096,0.006546427,4.269499845,2.911455211,0.414710272,0.305874082,0.416828445,77,179,77,269,269,275,0.63,0.9,0.54,2.5338,3.2076,2.2251
02GD001,DODD CREEK BELOW PAYNES MILLS,Canada,99.56096483,42.78739,-81.2675,95.900002,83.22297988,61.400002,53.28353519,95.900002,83.22297988,2.6800001,2.325730863,2.8099999,2.438545988,2.6800001,2.325730863,6.48,5.623408742,5.6599998,4.911804376,6.8400002,5.935820512,41.0599988,35.63227719,28.6199996,24.8367216,46.4799999,40.3358083,3.08199994,2.67459034,3.56999994,3.098081616,46.4799999,40.3358083,0.428186851,0.480351344,0.396265658,101,161,101,286,270,286,0.22,0.27,0.2,1.1676,1.0507,1.1615
02GD003,GRAND RIVER AT BRANTFORD,Canada,5200.519621,43.13272,-80.26731,176,2.924015504,176,2.924015504,132,2.193011628,0.75199997,0.01249352,0.75199997,0.01249352,0.815,0.013540185,6.3400002,0.105331016,4.1100001,0.068282409,7.5,0.124602933,61.8199996,1.027060439,32.7400002,0.543933342,64.86999755,1.077732265,1.02200002,0.016979227,0.861000004,0.014304417,64.86999755,1.077732265,0.439514983,0.383985159,0.400816882,160,160,100,270,270,293,0.32,0.41,0.29,1.5841,1.9923,1.3794
02GD004,HORNER CREEK NEAR PRINCETON,Canada,165.1076811,43.17394,-80.55264,48,25.11815303,21.200001,11.09385144,48,25.11815303,0.28200001,0.147569154,0.28200001,0.147569154,0.34,0.177920251,0.96100003,0.502886371,0.78200001,0.409216582,1.015,0.531144278,9.18400044,4.805940176,3.41200006,1.785482076,11.17,5.845203528,0.327399992,0.171326731,0.30439999,0.159290949,11.17,5.845203528,0.463628969,0.464651509,0.423499775,100,160,100,221,221,275,0.34,0.36,0.34,1.8196,1.7315,1.6788
02GD009,FAIRCHILD CREEK NEAR BRANTFORD,Canada,388.643412,43.14739,-80.15461,18,4.001611637,18,4.001611637,5.48,1.218268432,0.667,0.148281942,0.81999999,0.182295639,0.667,0.148281942,1.41,0.313459578,1.62,0.360145047,1.09,0.242319816,3.0979999,0.688721803,4.0759999,0.906142702,2.9825,0.663044817,0.705999998,0.1569521,0.843599984,0.187542195,2.9825,0.663044817,0.467642066,0.364564938,0.452354106,161,161,1,349,136,349,0.11,0.14,0.09,0.9111,1.0575,0.5651
02GD010,WHITEMANS CREEK NEAR MOUNT VERNON,Canada,385.8653902,43.12625,-80.38372,31.9,7.14280179,31.9,7.14280179,13.8,3.089989489,0.028999999,0.006493456,0.048,0.01074779,0.028999999,0.006493456,0.52100003,0.116658306,0.331,0.074114965,0.6415,0.143639729,6.282,1.406616954,2.816,0.630536986,6.648999855,1.488792729,0.0556,0.012449523,0.059599999,0.013345172,6.648999855,1.488792729,0.472494741,0.472539557,0.37411635,160,160,100,287,268,287,0.42,0.57,0.36,1.951,2.9273,1.4614
02GD011,MCKENZIE CREEK NEAR CALEDONIA,Canada,172.7843168,43.03394,-79.94981,6.1799998,3.090280372,3.3499999,1.675151986,6.1799998,3.090280372,0.146,0.073006626,0.146,0.073006626,0.22,0.110009984,0.43799999,0.219019873,0.33199999,0.166015062,0.5325,0.266274167,2.06799992,1.034093814,1.34,0.670060814,2.447500055,1.223861104,0.175,0.087507942,0.158599998,0.079307197,2.447500055,1.223861104,0.4074159,0.446643093,0.367688386,76,179,76,246,246,275,0.28,0.34,0.26,1.1023,0.9949,1.0406
02GD014,IRVINE RIVER NEAR SALEM,Canada,168.3303441,43.6936,-80.44531,56.599998,29.05144556,56.599998,29.05144556,39.5,20.27441944,0.056000002,0.028743482,0.056000002,0.028743482,0.066,0.033876245,0.74900001,0.38444406,0.51899999,0.266390468,1.35999995,0.698055935,15.44,7.924988255,8.47199972,4.348477868,19.35,9.931899141,0.078400001,0.040240874,0.063799998,0.032747036,19.35,9.931899141,0.375229735,0.447435283,0.356402805,160,160,93,225,225,274,0.48,0.63,0.43,1.9856,2.8279,1.6413
02GD015,NITH RIVER NEAR CANNING,Canada,1034.284598,43.18972,-80.45503,256,21.38521645,256,21.38521645,151,12.61393627,1.24,0.103584642,1.47,0.122797923,1.24,0.103584642,5.4000001,0.451094418,4.5500002,0.380088825,6.5350001,0.54590778,61.0400012,5.099037648,29.66,2.477677812,79.125002,6.609786306,1.532,0.127977155,1.82199996,0.152202592,79.125002,6.609786306,0.443444703,0.482159638,0.421909657,160,160,100,281,271,281,0.42,0.53,0.38,1.7634,2.3782,1.4826
02GD016,GRAND RIVER NEAR MARSVILLE,Canada,663.0145449,43.86172,-80.27222,35,4.560985914,31.200001,4.065793288,35,4.560985914,1.01,0.131617022,1.01,0.131617022,1.25,0.162892354,2.51,0.327087847,1.9,0.247596378,2.8399999,0.370091415,11.54,1.503822213,7.81999978,1.019054538,12.7,1.654986317,1.202,0.156637288,1.16,0.151164105,12.7,1.654986317,0.479790211,0.456827374,0.464054854,101,161,101,250,250,286,0.21,0.28,0.19,1.1793,1.1764,1.135
02GD018,SPEED RIVER BELOW GUELPH,Canada,567.859933,43.53372,-80.25222,17,2.586553329,14,2.130102741,17,2.586553329,0.145,0.022061778,0.175,0.026626284,0.145,0.022061778,0.59200001,0.090072917,0.47299999,0.071967041,0.706499995,0.107494113,5.31000016,0.807917564,2.38199994,0.362421757,6.6035,1.004723818,0.194,0.029517138,0.1884,0.028665097,6.6035,1.004723818,0.469290103,0.448458829,0.449520062,100,160,100,285,268,285,0.41,0.48,0.39,1.5532,1.6513,1.4248
02GD021,GRAND RIVER BELOW SHAND DAM,Canada,784.7567242,43.73094,-80.34094,35.099998,3.864433058,28.4,3.126777923,35.099998,3.864433058,0.032000002,0.00352313,0.032000002,0.00352313,0.050999999,0.005614988,0.36300001,0.039965508,0.257,0.028295138,0.42899999,0.047231961,6.39799982,0.704405795,3.266,0.359579461,6.941500155,0.764243994,0.057,0.006275575,0.040399999,0.004447952,6.941500155,0.764243994,0.260102842,0.378418508,0.199532801,100,160,100,261,261,275,0.52,0.65,0.47,2.3473,3.1226,2.0098
02GD027,NITH RIVER AT NEW HAMBURG,Canada,544.2440143,43.37722,-80.71081,16,2.540037122,16,2.540037122,12.6,2.000279234,0.050000001,0.007937616,0.050000001,0.007937616,0.17900001,0.028416667,0.58899999,0.093505115,0.47499999,0.07540735,0.66150001,0.105014661,4.81000016,0.763598685,3.67999994,0.584208529,5.432000065,0.862342613,0.1692,0.026860893,0.0728,0.011557169,5.432000065,0.862342613,0.443189068,0.379402833,0.430486594,179,179,76,238,238,285,0.39,0.52,0.32,1.6544,2.1043,1.4065
02GD028,CANAGAGIGUE CREEK NEAR ELMIRA,Canada,114.0597169,43.57992,-80.50919,6.79,5.143410978,1.96,1.484695952,6.79,5.143410978,0.013,0.009847473,0.013,0.009847473,0.021,0.015907457,0.081,0.061357333,0.079999998,0.060599833,0.088500001,0.067038568,0.796200012,0.603119865,0.548599994,0.415563363,1.1325,0.857866411,0.032200002,0.024391435,0.0196,0.014846959,1.1325,0.857866411,0.362189853,0.482599171,0.291629506,100,160,100,266,266,279,0.55,0.55,0.56,2.273,1.6665,2.2244
02GE002,LAUREL CREEK AT WATERLOO,Canada,59.20546677,43.47192,-80.51427,257,375.0464478,233,340.022655,257,375.0464478,4.8099999,7.019351658,4.8099999,7.019351658,5.3400002,7.792794187,16.299999,23.78699114,11.3,16.4903691,17.8000005,25.97598038,109.2,159.3582572,68.4599982,99.9053663,117.45,171.397686,6.16999984,9.004033162,5.98599988,8.735517476,117.45,171.397686,0.420238294,0.342084353,0.414538711,100,161,100,270,270,289,0.26,0.32,0.24,1.2825,1.398,1.1848
02GE003,CONESTOGO RIVER AT GLEN ALLAN,Canada,571.127968,43.65483,-80.70217,291,44.02235823,252,38.12245455,291,44.02235823,7.7399998,1.170903931,7.7399998,1.170903931,8.4099998,1.27226125,21.200001,3.20712728,17.299999,2.617136609,22.6000005,3.418918618,152,22.99449639,102.4,15.49102915,185.35,28.03967044,9.06200026,1.370895607,9.04800012,1.368777672,185.35,28.03967044,0.481319295,0.44872415,0.458980077,102,162,102,271,271,291,0.22,0.28,0.2,1.1847,1.1918,1.1356
02GE005,ERAMOSA RIVER ABOVE GUELPH,Canada,231.4866742,43.54778,-80.18203,28.299999,10.56268108,28.299999,10.56268108,11.2,4.180283826,0.122,0.045535235,0.13500001,0.050387353,0.122,0.045535235,0.57200003,0.213493078,0.56900001,0.212373352,0.57950002,0.216292371,6.15799986,2.298409573,6.88599998,2.570128066,6.0444998,2.256046852,0.1544,0.057628198,0.149799994,0.055911294,6.0444998,2.256046852,0.440047956,0.400540615,0.452127169,179,179,77,287,241,287,0.47,0.63,0.34,1.8792,2.2197,1.4108
02GE006,ALDER CREEK NEAR NEW DUNDEE,Canada,47.43054788,43.37229,-80.55109,282,513.6942559,234,426.2569357,282,513.6942559,8.3999996,15.3015303,8.3999996,15.3015303,9.0299997,16.44914531,19.799999,36.06789274,16.200001,29.51009737,21.7,39.52895515,130,236.8094087,99.4599988,181.1774116,159.5,290.5469284,9.7540001,17.76799228,9.63799972,17.55668473,159.5,290.5469284,0.450280653,0.484719455,0.419934831,101,161,101,271,271,290,0.22,0.28,0.2,1.1568,1.1558,1.1102
02GE007,BLUE SPRINGS CREEK NEAR EDEN MILLS,Canada,41.49590148,43.57614,-80.109,39.900002,83.07712448,39.900002,83.07712448,36.599998,76.20607613,0.035999998,0.074956796,0.046,0.095778134,0.035999998,0.074956796,0.27500001,0.57258669,0.249,0.518451202,0.295,0.614229336,9.33599986,19.43879658,4.04399998,8.420147191,10.2445,21.33041502,0.052000001,0.108270936,0.0538,0.112018775,10.2445,21.33041502,0.350034547,0.336565673,0.356230735,152,152,75,288,260,288,0.68,0.91,0.57,2.9216,3.4944,2.6332
02GE008,CONESTOGO RIVER ABOVE DRAYTON,Canada,274.714667,43.78353,-80.63778,11,3.459589582,7.29,2.292764368,11,3.459589582,0.041999999,0.013209342,0.041999999,0.013209342,0.046,0.014467375,0.25600001,0.080514088,0.21799999,0.068562772,0.2695,0.084759945,3.01,0.946669513,1.59199994,0.500696946,3.49149999,1.098105181,0.061200001,0.019247899,0.058599999,0.018430177,3.49149999,1.098105181,0.465212056,0.40541902,0.452047316,100,174,100,265,265,276,0.46,0.59,0.41,1.9467,2.0546,1.8105
02GG002,MOOREFIELD CREEK NEAR ROTHSAY,Canada,60.38452387,43.823,-80.71786,80.900002,115.7541656,79.900002,114.3233354,80.900002,115.7541656,0.84600002,1.210482373,0.84600002,1.210482373,0.92900002,1.329241279,2.3199999,3.319525907,2.23,3.190751332,2.495,3.569921334,24.6400008,35.25565712,21.2200006,30.36221757,26.69000055,38.18885866,1.07200008,1.533850082,1.026,1.468031779,26.69000055,38.18885866,0.336987865,0.261579506,0.469005692,75,175,75,268,268,276,0.33,0.47,0.26,1.8122,1.8719,1.7549
02GG003,HUNSBURGER CREEK NEAR WILMOT CENTRE,Canada,13.14696105,43.36447,-80.63261,111,729.476566,105,690.0454003,111,729.476566,0.86199999,5.664944077,0.986,6.479854902,0.86199999,5.664944077,3.03,19.91273869,3.0899999,20.30704969,2.90999995,19.12411505,34.9400002,229.6208231,34.1799984,224.6261969,39.96999935,262.6772781,1.03,6.769016784,1.0700001,7.031891879,39.96999935,262.6772781,0.419776152,0.383875803,0.421790291,76,180,76,289,270,289,0.29,0.4,0.23,1.8277,1.9218,1.7654
02GG005,SILVER SPRING CREEK NEAR WILMOT CENTRE,Canada,3.651637112,43.38367,-80.63617,21,496.873031,21,496.873031,19.4,459.0160382,0.32800001,7.760683769,0.32800001,7.760683769,0.366,8.659787112,0.76499999,18.10037446,0.685,16.20752506,0.82100001,19.42536969,5.25600018,124.3602257,3.80799986,90.09963964,6.35499991,150.3632413,0.405400002,9.592015608,0.390799994,9.246570359,6.35499991,150.3632413,0.422532928,0.476919663,0.402936082,175,175,101,260,260,284,0.33,0.43,0.28,1.7167,2.0309,1.5438
02GG006,HUNSBURGER CREEK NEAR HAYSVILLE,Canada,4.821968377,43.36529,-80.63218,59.799999,1071.496018,59.799999,1071.496018,46.200001,827.8113364,0.009,0.161261938,0.013,0.232933921,0.009,0.161261938,0.28299999,5.070792097,0.23999999,4.300318359,0.29599999,5.303726017,11.94,213.9408473,13.66,244.7597968,10.03949989,179.8876979,0.028000001,0.501703847,0.025,0.447949848,10.03949989,179.8876979,0.328879623,0.348937472,0.35739615,175,175,76,279,245,279,0.61,0.89,0.41,3.039,3.4047,2.766
02GG009,HUNSBURGER CREEK NEAR SCHINDELSTEDDLE,Canada,1.767928294,43.38375,-80.62544,67.800003,3313.437699,45.900002,2243.167999,67.800003,3313.437699,0.018999999,0.928544398,0.048999999,2.394667209,0.018999999,0.928544398,0.565,27.61197961,0.47600001,23.26248242,0.686500015,33.54977772,19.2399992,940.2733903,16.8799994,824.9384057,22.225,1086.152649,0.076599999,3.743500205,0.071000002,3.469824084,22.225,1086.152649,0.269676503,0.421522929,0.166455034,77,177,77,279,273,279,0.39,0.53,0.32,2.5192,2.4465,2.5165
02GG013,SPEED RIVER AT CAMBRIDGE,Canada,761.5877694,43.42186,-80.33275,31.6,3.58493152,30.200001,3.426105554,31.6,3.58493152,0.001,0.000113447,0.002,0.000226894,0.001,0.000113447,0.15000001,0.017017081,0.13699999,0.015542265,0.167000005,0.018945683,7.24800016,0.822265324,4.30399996,0.488276744,9.77250022,1.108662787,0.001,0.000113447,0.0056,0.000635304,9.77250022,1.108662787,0.286537486,0.365766612,0.299125108,77,180,77,277,272,277,0.52,0.75,0.43,3.0212,3.6062,2.7317
4159492,"BLACK RIVER NEAR JEDDO, MI",US,1197.787,43.152527,-82.624092,98.84,12.17916626,36.96,4.554249138,98.84,12.17916626,0.6132,0.075559133,0.6272,0.077284228,0.6132,0.075559133,1.7976,0.221502117,1.7584,0.216671853,1.8802,0.231680174,23.0216,2.836745183,19.0176,2.343368193,24.1724,2.97854794,0.79912,0.098468387,0.79688,0.098192372,24.1724,2.97854794,0.440773,0.436839766,0.343721411,74,175,74,275,270,275,0.32,0.37,0.3,1.9624,1.6725,1.9593
4159900,"MILL CREEK NEAR AVOCA, MI",US,438.7401,43.054471,-82.734649,28.84,2.168039889,24.444,1.837571673,28.84,2.168039889,0.22596,0.016986487,0.252,0.018944038,0.22596,0.016986487,0.868,0.065251686,0.9184,0.069040494,0.7574,0.056937358,8.2432,0.619680528,5.068,0.38098565,9.2918,0.698508774,0.28896,0.021722497,0.33152,0.024921934,9.2918,0.698508774,0.421705776,0.411526374,0.408494273,75,175,75,286,270,286,0.27,0.33,0.25,1.7829,1.825,1.7266
4160600,"BELLE RIVER AT MEMPHIS, MI",US,390.8754,42.900862,-82.769091,27.552,13.9541514,16.996,8.607896239,27.552,13.9541514,0.23296,0.117986321,0.24864,0.125927708,0.23296,0.117986321,0.9436,0.477901323,0.9576,0.484991847,0.9394,0.475774166,8.1088,4.10683155,6.9272,3.508391317,8.2278,4.167101005,0.3164,0.160245844,0.3248,0.164500159,8.2278,4.167101005,0.469409201,0.469377178,0.452713853,74,175,74,286,272,286,0.29,0.36,0.25,1.5232,1.3143,1.6043
4161000,"CLINTON RIVER AT AUBURN HILLS, MI",US,320.796,42.633366,-83.224378,11.032,3.832248076,11.032,3.832248076,7.56,2.626159849,0.6412,0.222737261,0.6412,0.222737261,0.7,0.243162949,2.6236,0.911374733,2.1308,0.740188017,2.6908,0.934718376,5.1464,1.787734001,6.1544,2.137888648,3.976,1.38116555,0.78288,0.271953442,0.7672,0.266506592,3.976,1.38116555,0.432428657,0.438216675,0.443612544,151,151,301,124,124,290,0.16,0.24,0.1,0.5325,0.7077,0.3566
4161820,"CLINTON RIVER AT STERLING HEIGHTS, MI",US,802.8077,42.614478,-83.026593,31.64,5.103910854,31.64,5.103910854,14.252,2.299018252,1.7752,0.286361016,1.862,0.300362895,1.7752,0.286361016,5.292,0.853662966,4.116,0.663960085,5.74,0.92593073,12.0848,1.949422942,12.6784,2.04517773,11.3596,1.832439499,2.03224,0.327824646,2.04232,0.329450671,11.3596,1.832439499,0.468547507,0.463493763,0.427696143,151,151,71,289,270,289,0.17,0.25,0.12,0.5662,0.745,0.4103
4163400,"PLUM BROOK AT UTICA, MI",US,47.04358,42.601423,-83.071316,8.288,3.35625888,8.288,3.35625888,3.024,1.224580943,0.0616,0.024945167,0.0616,0.024945167,0.06748,0.027326297,0.20776,0.084133246,0.20916,0.084700182,0.2023,0.081922197,1.16872,0.473277857,1.18328,0.479173987,1.13148,0.458197369,0.0728,0.029480652,0.069608,0.028188039,1.13148,0.458197369,0.449396922,0.46080825,0.409156235,151,151,363,245,245,275,0.54,0.67,0.44,1.6019,1.8915,1.2197
4164000,"CLINTON RIVER NEAR FRASER, MI",US,1143.005,42.577257,-82.951311,113.68,177.7505585,113.68,177.7505585,45.08,70.48729044,2.5928,4.054113724,2.6964,4.216103149,2.5928,4.054113724,7.616,11.9084118,6.86,10.72632681,7.868,12.30244013,23.0496,36.04045807,24.4216,38.18572343,21.1064,33.00206182,3.108,4.859682757,3.1248,4.885951313,21.1064,33.00206182,0.474716208,0.467214549,0.434844856,151,151,100,292,270,292,0.33,0.46,0.23,0.8955,1.1233,0.6085
4164100,"EAST POND CREEK AT ROMEO, MI",US,54.9972,42.82253,-83.02021,1.7556,0.049206321,1.7556,0.049206321,1.2488,0.035001626,0.08092,0.002268043,0.08092,0.002268043,0.0994,0.002786004,0.28,0.007847898,0.25088,0.007031717,0.3038,0.008514969,0.81704,0.022900167,0.88872,0.024909229,0.77336,0.021675895,0.113456,0.003179968,0.10584,0.002966505,0.77336,0.021675895,0.473613685,0.491612591,0.439410186,151,151,76,230,230,275,0.15,0.21,0.12,0.6951,0.8633,0.5709
4164300,"EAST BRANCH COON CREEK AT ARMADA, MI",US,32.8032,42.845863,-82.884928,3.92,0.077496309,3.64,0.071960858,3.92,0.077496309,0.00336,6.64E-05,0.00336,6.64E-05,0.00336,6.64E-05,0.0322,0.000636577,0.04144,0.000819247,0.02912,0.000575687,0.81144,0.016041736,0.87808,0.017359173,0.66192,0.013085805,0.00392,7.75E-05,0.003808,7.53E-05,0.66192,0.013085805,0.36440476,0.487830736,0.361007924,73,151,73,230,230,275,0.49,0.59,0.42,2.5035,2.4224,2.5724
4164500,"NORTH BRANCH CLINTON RIVER NEAR MT. CLEMENS, MI",US,511.9173,42.6292,-82.88881,43.4,25.23632973,43.4,25.23632973,41.44,24.09662452,0.19544,0.113644891,0.19544,0.113644891,0.21084,0.122599718,1.3244,0.770115094,1.1172,0.649631972,1.5176,0.882457465,11.6704,6.786130472,11.6032,6.747054865,11.3904,6.623315442,0.2772,0.16118688,0.268912,0.156367555,11.3904,6.623315442,0.454504114,0.407048568,0.43926294,152,152,75,230,230,293,0.31,0.39,0.26,1.7321,1.8756,1.6404
4165500,"CLINTON RIVER AT MORAVIAN DRIVE AT MT. CLEMENS, MI",US,1892.565,42.595867,-82.90881,152.32,3.449018687,152.32,3.449018687,76.16,1.724509344,2.94,0.066571133,3.164,0.071643219,2.94,0.066571133,10.808,0.244728164,10.08,0.228243884,10.99,0.248849234,41.16,0.931995858,42.784,0.968768484,37.338,0.845453386,3.6736,0.083182215,3.8528,0.087239884,37.338,0.845453386,0.454555883,0.488641068,0.435666585,151,151,100,293,271,293,0.29,0.4,0.21,0.9692,1.1586,0.7755
4166500,"RIVER ROUGE AT DETROIT, MI",US,475.9533,42.372259,-83.255485,57.12,24.21618778,57.12,24.21618778,20.664,8.76056205,0.8316,0.352559204,0.8316,0.352559204,0.8848,0.375113497,2.5396,1.076670702,2.5788,1.093289654,2.534,1.074296566,10.5168,4.458627515,11.844,5.021297761,10.1416,4.299560399,0.96432,0.408826229,0.92904,0.393869172,10.1416,4.299560399,0.448707634,0.038589086,0.436326111,151,151,100,261,261,290,0.43,0.58,0.31,1.2771,1.5561,0.8243
4167000,"MIDDLE RIVER ROUGE NEAR GARDEN CITY, MI",US,229.4964,42.348093,-83.311597,23.184,23.38347396,23.184,23.38347396,10.304,10.3926551,0.5572,0.561994121,0.588,0.593059122,0.5572,0.561994121,1.5176,1.530657354,1.7192,1.73399191,1.4462,1.458643032,6.8712,6.930319458,9.7832,9.867374158,5.7414,5.790798715,0.62832,0.633726034,0.66416,0.669874399,5.7414,5.790798715,0.484116168,0.485745007,0.406614301,167,167,100,291,260,291,0.38,0.49,0.26,1.1955,1.3268,0.8158
4168580,"ECORSE RIVER AT DEARBORN HEIGHTS, MI",US,27.5535,42.26948,-83.28965,3.612,0.233223669,3.612,0.233223669,2.506,0.16181022,0.01204,0.000777412,0.01204,0.000777412,0.01316,0.00084973,0.05824,0.003760506,0.07364,0.00475487,0.0525,0.003389879,0.74368,0.048018765,0.854,0.05514203,0.62398,0.040289841,0.01708,0.001102841,0.014896,0.000961822,0.62398,0.040289841,0.384091201,0.437139842,0.375914907,151,151,100,270,270,275,0.76,0.92,0.61,2.0526,2.1488,1.8448
4172000,"HURON RIVER NEAR HAMBURG, MI",US,829.2179,42.465312,-83.799943,13.104,4.314694952,13.104,4.314694952,11.956,3.936698172,1.764,0.58082432,2.2764,0.749539956,1.764,0.58082432,4.816,1.585742589,4.424,1.456670518,5.012,1.650278625,11.172,3.678554029,11.9896,3.947761492,8.134,2.678245478,2.28872,0.753596507,2.408,0.792871295,8.134,2.678245478,0.469034857,0.463281892,0.433932789,156,156,78,294,258,294,0.05,0.06,0.05,0.4638,0.5837,0.3511
4173500,"MILL CREEK NEAR DEXTER, MICH.                  .",US,326.322,42.300037,-83.898555,19.656,5.384571259,19.656,5.384571259,12.852,3.520681208,0.6944,0.19022417,0.798,0.218604389,0.6944,0.19022417,1.3048,0.357437351,1.4672,0.401925262,1.2558,0.344014275,7.9576,2.179907624,10.1136,2.77052299,4.8272,1.322364794,0.75096,0.205718235,0.8288,0.227041751,4.8272,1.322364794,0.486535837,0.486961367,0.473709692,167,167,74,286,273,286,0.2,0.27,0.14,1.1455,1.1884,0.9556
4174500,"HURON RIVER AT ANN ARBOR, MI",US,1928.162,42.286149,-83.733274,53.76,3.510071709,53.76,3.510071709,32.2,2.102386701,3.136,0.204754183,3.164,0.206582345,3.136,0.204754183,9.38,0.612434387,8.652,0.564902166,9.758,0.637114578,29.904,1.952477388,36.848,2.405861651,22.1606,1.446899091,3.528,0.230348456,3.7688,0.246070652,22.1606,1.446899091,0.472457766,0.488037735,0.45205014,174,174,77,294,269,294,0.11,0.14,0.08,0.6965,0.81,0.5336
4174518,"MALLETTS CREEK AT ANN ARBOR, MI",US,26.2431,42.264761,-83.688273,6.552,1.110102477,6.552,1.110102477,1.5344,0.259972717,0.049,0.008302048,0.05124,0.008681571,0.049,0.008302048,0.10752,0.018217066,0.12824,0.021727647,0.0931,0.015773892,0.88144,0.149341991,1.23872,0.209875785,0.63364,0.107357346,0.052416,0.00888082,0.061432,0.010408397,0.63364,0.107357346,0.376813976,0.372209818,0.369797283,165,165,363,291,270,291,0.7,0.88,0.44,2.0304,2.0702,1.2067
4175600,"RIVER RAISIN NEAR MANCHESTER, MI",US,330.7972,42.168095,-84.076058,9.436,5.476937315,9.436,5.476937315,5.32,3.087887507,0.49,0.284410691,0.49,0.284410691,0.5012,0.290911507,1.652,0.958870331,1.876,1.088886647,1.5904,0.923115844,5.5104,3.198401375,6.804,3.949245601,3.9956,2.319166038,0.56,0.32504079,0.64736,0.375747153,3.9956,2.319166038,0.457474535,0.478535064,0.441500655,152,152,76,261,261,292,0.1,0.13,0.09,0.7558,0.8234,0.5616
4176000,"RIVER RAISIN NEAR ADRIAN, MI",US,1195.18,41.904214,-83.980499,123.48,73.50836069,123.48,73.50836069,38.08,22.66924502,2.2316,1.328484433,2.4024,1.430162664,2.2316,1.328484433,4.592,2.733644253,5.628,3.350381066,4.284,2.550290065,29.5568,17.59533459,35.336,21.03572589,20.307,12.08887496,2.45448,1.46116619,2.5872,1.540175176,20.307,12.08887496,0.474469271,0.486362798,0.436764595,180,180,73,284,261,284,0.18,0.23,0.12,1.3416,1.4078,0.934
4176500,"RIVER RAISIN NEAR MONROE, MI",US,2685.966,41.960601,-83.531046,269.92,624.7811268,269.92,624.7811268,107.52,248.8754696,3.276,7.582924465,3.752,8.684716908,3.276,7.582924465,7.868,18.21198098,11.004,25.47084884,7.336,16.9805659,85.12,197.0264134,113.12,261.8377337,44.8,103.6981123,3.7632,8.710641436,4.088,9.462452751,44.8,103.6981123,0.478344227,0.484778936,0.385261633,182,182,76,287,261,287,0.19,0.21,0.15,1.6181,1.4813,1.2399
4177000,Ottawa River at University of Toledo Toledo OH,US,343.7883,41.659681,-83.612547,63.28,16.52372275,63.28,16.52372275,29.4,7.676950834,0.2324,0.060684468,0.25004,0.065290639,0.2324,0.060684468,0.8624,0.225190558,1.2684,0.331205593,0.6524,0.170355195,15.4112,4.024184513,25.816,6.74109397,10.9676,2.86386823,0.255696,0.066767538,0.272272,0.071095876,10.9676,2.86386823,0.286836407,0.234486029,0.280732649,180,180,364,281,269,281,0.43,0.47,0.38,2.27,2.1492,1.8846
4177720,"FISH CREEK AT HAMILTON, IND.",US,84.11671,41.532273,-84.903573,13.272,3.100601865,13.272,3.100601865,8.176,1.91007541,0.0518,0.012101505,0.05404,0.012624813,0.0518,0.012101505,0.3304,0.077187979,0.3724,0.08700001,0.2968,0.069338354,3.2312,0.754872268,3.6512,0.85299258,2.65524,0.620316614,0.080584,0.018826017,0.109648,0.025615943,2.65524,0.620316614,0.397435456,0.439715116,0.364493783,179,179,363,291,260,291,0.36,0.43,0.28,1.8205,1.7845,1.7771
4178000,"ST. JOSEPH RIVER NEAR NEWVILLE, IN",US,1600.184,41.385328,-84.801626,135.8,20.70305415,135.8,20.70305415,66.36,10.11675017,1.2572,0.191663326,1.4784,0.225385827,1.2572,0.191663326,5.096,0.776898115,7.084,1.079973753,3.71,0.565598902,50.12,7.640921018,54.824,8.358057739,37.058,5.649586015,1.42744,0.217616846,1.8984,0.289415891,37.058,5.649586015,0.421525486,0.469928279,0.326268993,182,182,364,291,272,291,0.19,0.22,0.16,1.5481,1.4639,1.3796
4179520,"CEDAR CREEK AT 18TH STREET AT AUBURN, IN",US,248.2362,41.36005,-85.04914,39.48,23.72831185,39.48,23.72831185,19.208,11.54441271,0.19824,0.119146417,0.23352,0.14035044,0.19824,0.119146417,0.7168,0.430811903,0.9548,0.573854918,0.5712,0.343303235,9.6544,5.802497819,11.9056,7.155516452,6.608,3.971547231,0.223496,0.134325805,0.28,0.1682859,6.608,3.971547231,0.445137434,0.459926294,0.458366139,179,179,363,284,273,284,0.37,0.38,0.35,1.8687,1.6968,1.7712
4180000,"CEDAR CREEK NEAR CEDARVILLE, IND.",US,697.6814,41.218938,-85.076359,112.84,27.5324264,112.84,27.5324264,58.8,14.34692194,1.0304,0.251412727,1.1312,0.276007451,1.0304,0.251412727,2.856,0.696850494,3.808,0.929133993,2.0986,0.512048476,25.5192,6.226564124,32.256,7.870311466,18.984,4.632006228,1.12896,0.275460901,1.23424,0.301148723,18.984,4.632006228,0.461894454,0.464336535,0.436076721,179,179,363,292,260,292,0.37,0.42,0.31,1.6462,1.5753,1.5165
4180500,"ST. JOSEPH RIVER NEAR FORT WAYNE, IN",US,2716.033,41.177271,-85.055803,223.16,125.1695517,223.16,125.1695517,135.24,75.85557523,2.6656,1.495124381,4.816,2.701275143,2.6656,1.495124381,8.316,4.664411148,8.736,4.899987468,7.378,4.138290698,86.352,48.43449151,128.52,72.0863541,66.934,37.54301296,3.892,2.183007237,5.04,2.826915847,66.934,37.54301296,0.447802685,0.423007375,0.446072869,179,179,363,299,210,299,0.27,0.3,0.23,1.5133,1.4692,1.3592
4180988,St. Marys River at Rockford OH,US,761.9985,40.69477,-84.646625,207.48,177.3462504,207.48,177.3462504,113.96,97.40880423,0.3304,0.282413732,0.4732,0.404473905,0.3304,0.282413732,2.6768,2.288029898,2.6544,2.268883204,2.7104,2.316749938,65.016,55.57327848,103.152,88.17052451,35.042,29.95260897,0.5124,0.437980619,0.58856,0.503079377,35.042,29.95260897,0.402881934,0.416645418,0.174497979,169,169,364,63,272,63,0.29,0.3,0.28,2.003,1.8435,1.7261
4181500,"ST. MARYS RIVER AT DECATUR, IND.",US,1490.114,40.848103,-84.937744,330.4,96.9332369,330.4,96.9332369,158.48,46.49509499,0.26488,0.077710883,0.5236,0.153614536,0.26488,0.077710883,4.984,1.462213235,4.872,1.42935451,5.04,1.478642597,147.168,43.17636382,171.472,50.30670701,75.012,22.00713065,0.4788,0.140471047,0.99232,0.291128298,75.012,22.00713065,0.338360553,0.253127088,0.313082427,169,169,363,291,273,291,0.27,0.28,0.27,1.9199,1.6866,1.6869
4182000,"ST. MARYS RIVER NEAR FORT WAYNE, IND.",US,1849.108,40.987826,-85.111914,366.8,340.2098545,366.8,340.2098545,196.56,182.3109296,0.6916,0.641464382,0.9828,0.911554648,0.6916,0.641464382,7.616,7.063899268,6.86,6.362703385,8.988,8.336439945,178.192,165.2744667,235.032,217.994009,107.562,99.76459205,0.87696,0.813387225,1.25216,1.161388144,107.562,99.76459205,0.351874665,0.331871002,0.366229446,170,170,363,292,273,292,0.26,0.25,0.28,1.7674,1.6019,1.5521
4182950,"MAUMEE RIVER AT COLISEUM BLVD AT FORT WAYNE, IN",US,4869.313,41.079771,-85.08747,518,252.6158966,518,252.6158966,355.6,173.4173993,2.6432,1.289023818,3.696,1.80244856,2.6432,1.289023818,20.244,9.872502338,23.24,11.33357806,16.898,8.240740195,287.84,140.372509,413.28,201.5465208,168.126,81.99092709,4.2952,2.094663705,5.712,2.785602319,168.126,81.99092709,0.323399794,0.396876195,0.401472858,179,179,363,300,259,300,0.23,0.23,0.24,1.5858,1.4086,1.4657
4183000,"MAUMEE RIVER AT NEW HAVEN, IND.",US,5039.881,41.085049,-85.02219,565.6,73.53555906,565.6,73.53555906,369.6,48.05293959,3.528,0.458687151,5.264,0.684390352,3.528,0.458687151,21.644,2.814009265,24.052,3.127081447,18.27,2.375344173,308.56,40.11692381,437.36,56.86264518,177.156,23.03264763,5.292,0.688030726,7.4648,0.970523765,177.156,23.03264763,0.316453977,0.235295124,0.369760042,179,179,364,300,259,300,0.23,0.23,0.24,1.5991,1.4199,1.4615
4184500,BEAN C AT POWERS OH,US,534.7152,41.677551,-84.23217,104.44,67.29972262,104.44,67.29972262,44.52,28.68808551,0.6048,0.389724935,0.658,0.424006295,0.6048,0.389724935,1.4644,0.943639542,2.0552,1.324343067,1.2488,0.80470982,18.3008,11.79278786,27.636,17.8082644,10.9452,7.052938759,0.66136,0.426171434,0.68096,0.438801409,10.9452,7.052938759,0.404914122,0.413123703,0.416914509,179,179,72,290,260,290,0.3,0.34,0.25,2.1523,2.0847,1.7853
4185000,Tiffin River at Stryker OH,US,1064.001,41.504496,-84.429672,142.52,97.18716753,142.52,97.18716753,51.8,35.32343024,0.6692,0.456340531,0.7812,0.532715516,0.6692,0.456340531,2.0776,1.416755959,2.828,1.928468354,1.8228,1.24300287,35.168,23.98174507,41.104,28.02961924,22.7766,15.53180775,0.76944,0.524696142,0.86408,0.589233004,22.7766,15.53180775,0.337385862,0.158541245,0.436503547,180,180,74,284,261,284,0.24,0.26,0.2,2.0769,1.9027,1.6319
4185440,Unnamed Tributary to Lost Creek near Farmers OH,US,11.0475,41.361717,-84.691067,7.28,6.317656735,7.28,6.317656735,1.3944,1.210074252,0.00196,0.001700908,0.00196,0.001700908,0.00224,0.001943894,0.01512,0.013121287,0.01848,0.016037129,0.0133,0.011541873,0.49,0.425226896,0.59808,0.519019799,0.44226,0.383797647,0.00308,0.002672855,0.0028,0.002429868,0.44226,0.383797647,0.39150887,0.291847395,0.408900435,178,178,363,269,269,274,1,1.26,0.64,4.1213,4.312,2.4357
4186500,Auglaize River near Fort Jennings OH,US,858.4164,40.948662,-84.266059,302.4,5.023990275,302.4,5.023990275,154,2.558513566,0.4508,0.007489467,0.4788,0.007954651,0.4508,0.007489467,2.3436,0.038935925,3.108,0.051635456,2.0496,0.03405149,85.008,1.412299488,133.672,2.220789775,54.446,0.904550842,0.5292,0.008791983,0.602,0.010001462,54.446,0.904550842,0.42373475,0.435088669,0.403578238,168,168,363,274,273,274,0.48,0.48,0.48,2.3154,2.0859,2.1475
4188337,Blanchard River below Mt. Blanchard OH,US,369.3456,40.924499,-83.557151,124.88,65.34906146,124.88,65.34906146,61.04,31.94191793,0.02128,0.011135715,0.05348,0.027985809,0.02128,0.011135715,0.462,0.241762223,0.4312,0.225644741,0.546,0.285718991,30.2344,15.82150596,32.816,17.17244395,23.1462,12.11228737,0.057456,0.030066429,0.087808,0.045949475,23.1462,12.11228737,0.390120608,0.457300134,0.393355365,168,168,363,286,271,286,0.61,0.65,0.58,2.8303,3.0022,2.5472
4188400,Blanchard River above Findlay OH,US,606.7548,41.033943,-83.579374,135.8,30.18993668,135.8,30.18993668,110.32,24.5254331,0.10388,0.023093745,0.22904,0.050918285,0.10388,0.023093745,0.672,0.149393501,0.8792,0.195456497,0.5054,0.112356362,36.12,8.029900684,42.504,9.449138945,35.658,7.927192652,0.17136,0.038095343,0.28672,0.063741227,35.658,7.927192652,0.387957037,0.478376862,0.359925045,168,168,363,342,271,342,0.53,0.54,0.53,2.596,2.3985,2.7388
4188433,Lye Creek above Findlay OH,US,48.3822,40.982554,-83.585763,14.868,3.329127806,14.868,3.329127806,10.668,2.388696223,0.00028,6.27E-05,0.00504,0.001128518,0.00028,6.27E-05,0.0546,0.012225611,0.05656,0.012664479,0.05236,0.011724047,4.144,0.927892496,5.2808,1.182435978,3.4272,0.767392172,0.002016,0.000451407,0.0084,0.001880863,3.4272,0.767392172,0.284486737,0.379344625,0.226184754,167,167,363,294,234,294,0.71,0.79,0.62,2.9766,2.9096,2.8747
4188496,Eagle Creek above Findlay OH,US,134.7102,40.97922,-83.653265,55.44,27.72251608,55.44,27.72251608,34.16,17.08155031,0.00196,0.000980089,0.00812,0.004060369,0.00196,0.000980089,0.17556,0.087787968,0.13356,0.066786061,0.22148,0.110750052,10.9536,5.477297115,11.0936,5.547303469,10.6694,5.335184217,0.004256,0.002128193,0.015736,0.007868714,10.6694,5.335184217,0.331479432,0.393811841,0.324723982,167,167,363,300,273,300,0.72,0.81,0.63,2.9875,3.0921,2.7234
4189000,Blanchard River near Findlay OH,US,909.2952,41.055886,-83.687989,155.4,79.76315899,155.4,79.76315899,129.64,66.54115786,0.5152,0.264440023,0.5768,0.296057851,0.5152,0.264440023,1.6884,0.866615944,1.9264,0.988775737,1.3174,0.676190384,54.488,27.96740674,64.12,32.91128542,47.88,24.57567601,0.56896,0.292033764,0.74256,0.381138554,47.88,24.57567601,0.401272409,0.238997028,0.384187496,168,168,363,291,271,291,0.47,0.49,0.45,2.3013,2.1594,2.3813
4191500,Auglaize River near Defiance OH,US,6038.764,41.237549,-84.399114,1136.8,94.9637268,1136.8,94.9637268,739.2,61.7498125,1.7864,0.149228714,2.3772,0.198581783,1.7864,0.149228714,17.444,1.457202015,20.104,1.679407779,15.022,1.254877818,483.28,40.37127893,741.44,61.93693315,332.92,27.81080571,2.17504,0.181694145,2.4528,0.204897105,332.92,27.81080571,0.389968153,0.329719947,0.366601499,180,180,364,299,265,299,0.39,0.39,0.38,2.0361,1.8007,2.0362
4192500,Maumee River near Defiance OH,US,14248.29,41.291993,-84.281057,2175.6,283.5108844,2175.6,283.5108844,1276.8,166.3847661,5.46,0.711513803,9.212,1.200451493,5.46,0.711513803,46.76,6.093477181,56,7.297577462,42.42,5.527914928,888.16,115.7395786,1226.4,159.8169464,508.2,66.22551547,8.176,1.065446309,13.356,1.740472225,508.2,66.22551547,0.444474695,0.454229016,0.423724419,180,180,364,296,273,296,0.3,0.3,0.3,1.7601,1.5356,1.7445
4193500,Maumee River at Waterville OH,US,16409.35,41.500053,-83.712714,2634.8,400.8853359,2634.8,400.8853359,1274,193.8393495,4.172,0.634770617,10.556,1.606097467,4.172,0.634770617,57.12,8.690819185,67.76,10.30969727,44.52,6.773726718,1017.52,154.8158672,1340.64,203.9786385,614.88,93.5541124,8.7416,1.330036152,15.9152,2.421500796,614.88,93.5541124,0.425562919,0.436167038,0.381809068,180,180,364,296,258,296,0.29,0.3,0.29,1.7589,1.538,1.6976
4195500,Portage River at Woodville OH,US,1080.029,41.449496,-83.361316,299.6,32.98530513,299.6,32.98530513,133,14.64300929,0.27944,0.030765733,0.4144,0.045624534,0.27944,0.030765733,2.5088,0.276213396,2.94,0.323687574,2.2022,0.242457406,83.552,9.198892571,116.088,12.78103505,43.008,4.735086792,0.38136,0.041986902,0.6188,0.068128527,43.008,4.735086792,0.44750061,0.44572749,0.453109218,180,180,363,286,273,286,0.51,0.53,0.47,2.4959,2.2804,2.2487
4195820,Portage River near Elmore OH,US,1266.16,41.491162,-83.224645,308,48.89571461,308,48.89571461,162.4,25.78137679,0.4116,0.065342455,0.7196,0.11423817,0.4116,0.065342455,3.416,0.542297926,4.004,0.63564429,2.4164,0.383609106,104.104,16.52675154,138.992,22.06530248,54.026,8.576752849,0.59696,0.094768785,1.04496,0.165889824,54.026,8.576752849,0.38247766,0.419144961,0.370863023,180,180,364,288,273,288,0.47,0.48,0.46,2.3556,2.1317,2.2524
4196000,Sandusky River near Bucyrus OH,US,230.8833,40.803669,-83.005744,59.92,45.38927626,59.92,45.38927626,48.72,36.90529939,0.08204,0.062145131,0.08204,0.062145131,0.084,0.063629827,0.658,0.498433641,0.7084,0.536611537,0.5978,0.452832265,15.9264,12.06421511,17.164,13.00169455,13.328,10.09593248,0.09828,0.074446897,0.10696,0.081021979,13.328,10.09593248,0.421192159,0.318933574,0.425443364,167,167,73,271,271,290,0.7,0.77,0.64,2.5486,2.6485,2.4454
4196500,SANDUSKY R NR UPPER SANDUSKY OH,US,764.8281,40.850612,-83.256308,167.16,243.9407168,167.16,243.9407168,129.36,188.7782431,0.13412,0.195724629,0.13412,0.195724629,0.19404,0.283167365,1.6072,2.345426657,2.2036,3.215767908,1.2684,1.851007449,40.936,59.7389159,50.568,73.7951314,38.808,56.63347294,0.249088,0.363500271,0.205912,0.300492468,38.808,56.63347294,0.43498866,0.465312508,0.429839731,168,168,74,245,245,287,0.55,0.57,0.53,2.3907,2.3978,2.3679
4196800,Tymochtee Creek at Crawford OH,US,608.067,40.922833,-83.348812,125.16,18.93415242,125.16,18.93415242,80.92,12.24154374,0.0056,0.000847166,0.01428,0.002160272,0.0056,0.000847166,0.588,0.088952394,0.8036,0.121568272,0.483,0.073068038,38.976,5.89627297,45.472,6.878985131,36.47,5.517166338,0.013384,0.002024726,0.0476,0.007200908,36.47,5.517166338,0.289657114,0.299504005,0.311292696,168,168,363,279,271,279,0.42,0.42,0.43,2.5958,2.4607,2.6695
4197100,Honey Creek at Melmore OH,US,388.2105,41.022278,-83.109638,60.76,22.67803975,47.6,17.76620626,60.76,22.67803975,0.0546,0.020378884,0.07028,0.026231281,0.0546,0.020378884,0.5768,0.215284617,0.5628,0.210059262,0.6062,0.226257862,25.7768,9.620923225,26.5496,9.909362809,23.1224,8.630195958,0.079632,0.029721818,0.090328,0.033713989,23.1224,8.630195958,0.244378158,0.338133474,0.162003543,74,194,74,295,271,295,0.5,0.52,0.48,2.3479,2.2102,2.4372
4197170,Rock Creek at Tiffin OH,US,95.20831,41.113666,-83.168252,18.732,34.12241419,18.732,34.12241419,16.884,30.75607736,0.042,0.076507655,0.04984,0.090789084,0.042,0.076507655,0.12936,0.235643578,0.11872,0.216261639,0.14588,0.265736589,4.4184,8.04860532,4.2952,7.824182865,4.613,8.403090789,0.049616,0.090381043,0.053928,0.098235829,4.613,8.403090789,0.366542328,0.325559327,0.373453576,194,194,73,295,271,295,0.7,0.81,0.63,2.831,3.0568,2.6976
4198000,Sandusky River near Fremont OH,US,3243.828,41.307831,-83.158809,400.4,833.6861899,364,757.8965362,400.4,833.6861899,1.176,2.448588809,1.2796,2.664297824,1.176,2.448588809,7.532,15.68262833,6.72,13.99193605,8.162,16.99437233,239.008,497.6465256,238.112,495.7809342,208.264,433.6334182,1.33448,2.778565301,1.74272,3.628575417,208.264,433.6334182,0.36289946,0.38995007,0.392720563,74,169,74,287,273,287,0.39,0.43,0.36,2.0354,1.8952,2.1574
4199000,Huron River at Milan OH,US,947.3742,41.301719,-82.606844,241.36,75.90968559,101.08,31.79048318,241.36,75.90968559,0.574,0.180527675,0.574,0.180527675,0.574,0.180527675,1.9768,0.621719699,1.8564,0.583852918,2.2078,0.69437108,56.896,17.89425535,53.648,16.8727329,53.2,16.73183325,0.66136,0.208003106,0.71568,0.225087188,53.2,16.73183325,0.369241327,0.380340849,0.359954955,72,152,72,271,271,286,0.61,0.71,0.56,2.6208,2.2011,2.7442
4199155,Old Woman Creek at Berlin Rd near Huron OH,US,60.3603,41.34838,-82.51378,19.516,27.92408206,19.516,27.92408206,12.348,17.66789123,0.00336,0.004807589,0.00364,0.005208222,0.00336,0.004807589,0.17304,0.247590857,0.14588,0.208729509,0.19754,0.282646197,2.34024,3.348486053,2.23832,3.20265584,2.33856,3.346082258,0.00616,0.008813914,0.006496,0.009294673,2.33856,3.346082258,0.31107587,0.4029392,0.286127938,178,178,73,287,269,287,0.82,0.95,0.73,2.8645,3.3313,2.4902
4199500,VERMILION R NR VERMILION OH,US,672.3603,41.38199,-82.316827,156.52,1028.627677,75.32,494.9925671,156.52,1028.627677,0.08176,0.537315352,0.08176,0.537315352,0.08904,0.585158499,1.1816,7.765310904,0.9016,5.925189837,1.4098,9.265009574,34.664,227.8069881,24.5896,161.5994321,40.138,263.781355,0.116032,0.76254617,0.10556,0.693725642,40.138,263.781355,0.387190518,0.394724155,0.345079012,72,152,72,271,271,275,0.57,0.69,0.52,2.6528,2.3741,2.6337
4200500,Black River at Elyria OH,US,1026.93,41.380324,-82.104593,230.16,5445.72842,122.08,2888.488554,230.16,5445.72842,0.18144,4.292982988,0.19712,4.663981518,0.18144,4.292982988,2.1224,50.217301,1.3328,31.53487503,2.5984,61.47975637,50.064,1184.545306,32.648,772.4719389,57.876,1369.382073,0.235256,5.566302942,0.256536,6.069800947,57.876,1369.382073,0.386431154,0.457829903,0.381565068,74,152,74,287,272,287,0.58,0.72,0.52,2.6217,2.646,2.5184
4201500,Rocky River near Berea OH,US,690.6969,41.406715,-81.887082,242.2,4339.738124,220.92,3958.443214,242.2,4339.738124,0.434,7.776409356,0.434,7.776409356,0.7476,13.39549225,3.136,56.19082889,2.3184,41.54107707,3.598,64.46894208,41.72,747.5387058,29.3328,525.5849317,46.522,833.5809126,0.72912,13.06436772,0.52024,9.32165715,46.522,833.5809126,0.329887117,0.292930109,0.346505889,73,151,73,241,241,288,0.69,0.92,0.57,2.4824,2.7021,2.3526
4202000,Cuyahoga River at Hiram Rapids OH,US,390.1275,41.34061,-81.166766,44.8,2189.410064,40.04,1956.785245,44.8,2189.410064,1.022,49.94591709,1.022,49.94591709,1.0472,51.17746026,3.528,172.4160426,3.752,183.3630929,3.388,165.5741361,20.3056,992.3501117,23.0664,1127.272507,16.0286,783.3298696,1.18104,57.71832282,1.1284,55.145766,16.0286,783.3298696,0.471845332,0.449181373,0.407540182,75,180,75,251,251,287,0.16,0.17,0.15,1.1543,1.1077,1.1875
4206000,Cuyahoga River at Old Portage OH,US,1047.329,41.135611,-81.547062,105.28,11.94372122,82.6,9.370738721,105.28,11.94372122,1.8536,0.21028573,2.4304,0.275722075,1.8536,0.21028573,6.972,0.790953878,5.964,0.676599101,8.05,0.91324996,51.688,5.863858874,58.688,6.657989274,45.864,5.203142381,2.59952,0.294908265,2.81456,0.319303951,45.864,5.203142381,0.460741429,0.443291841,0.439470065,76,182,76,296,270,296,0.18,0.21,0.17,1.2101,1.1857,1.2307
4207200,Tinkers Creek at Bedford OH,US,222.1038,41.384499,-81.527342,35.56,2.56505038,35.56,2.56505038,34.16,2.464064145,0.5824,0.042010274,0.5852,0.042212246,0.5824,0.042010274,1.8424,0.132897886,1.4336,0.103409905,2.1112,0.152287243,17.0856,1.232436017,19.628,1.415827021,14.3864,1.037734555,0.65072,0.046938402,0.62944,0.045403411,14.3864,1.037734555,0.397658993,0.364725734,0.444896052,151,151,73,285,271,285,0.45,0.52,0.4,1.4818,1.585,1.363
4208000,Cuyahoga River at Independence OH,US,1837.508,41.395331,-81.629848,227.64,44.82858075,227.64,44.82858075,213.92,42.12673517,5.88,1.15793382,5.88,1.15793382,5.88,1.15793382,16.212,3.192588961,14.336,2.823152933,17.458,3.437960651,107.296,21.12953523,112.336,22.12204993,105.322,20.74080031,6.5856,1.296885878,6.6248,1.304605437,105.322,20.74080031,0.442767942,0.385825807,0.386061348,151,151,73,253,253,295,0.3,0.37,0.26,1.1684,1.2088,1.1358
4208460,Mill Creek at Garfield Hts OH,US,46.7658,41.42394,-81.63763,24.388,5.390779773,24.388,5.390779773,4.564,1.008837087,0.12908,0.028532141,0.13608,0.030079437,0.12908,0.028532141,0.294,0.064986438,0.27356,0.060468333,0.3038,0.067152653,1.60664,0.355135411,5.1184,1.131382942,1.42576,0.315153279,0.153328,0.033891975,0.157304,0.034770839,1.42576,0.315153279,0.395575483,0.360755269,0.467363983,178,178,361,353,251,353,0.73,0.92,0.44,2.6198,2.677,1.2125
4208504,Cuyahoga River near Newburgh Heights OH,US,2043.611,41.46255,-81.68096,235.2,63.34642577,235.2,63.34642577,218.4,58.82168107,8.624,2.322702278,10.976,2.956166536,8.624,2.322702278,21.028,5.663472113,19.04,5.128043991,22.75,6.127258445,110.264,29.6974077,112.84,30.39120189,108.57,29.24116261,11.5696,3.116040848,12.0512,3.245750196,108.57,29.24116261,0.460831103,0.486791926,0.465780366,151,151,73,294,244,294,0.29,0.34,0.24,0.9888,1.0069,0.9733
4209000,Chagrin River at Willoughby OH,US,637.3935,41.630881,-81.403445,145.88,15.6999391,145.88,15.6999391,105.56,11.36060852,1.2264,0.131987972,1.2264,0.131987972,2.464,0.265181313,4.648,0.500228386,3.892,0.418865938,4.984,0.536389474,37.016,3.983746544,56.504,6.081089656,33.082,3.56036047,1.66264,0.178937118,1.3412,0.14434301,33.082,3.56036047,0.405035506,0.348862522,0.428780809,151,151,4,251,251,354,0.6,0.79,0.43,1.7554,1.9569,1.4333
4212100,Grand River near Painesville OH,US,1784.892,41.718934,-81.227879,253.12,464.8789059,253.12,464.8789059,185.36,340.4312342,0.5264,0.966783565,0.5264,0.966783565,0.91,1.671301376,10.388,19.07854802,5.684,10.43920552,12.25,22.49828776,118.104,216.9092063,100.296,184.203124,119.728,219.8918365,0.73248,1.345269046,0.63168,1.160140278,119.728,219.8918365,0.326891286,0.277657534,0.331216716,179,179,75,253,253,286,0.33,0.42,0.28,1.5638,1.8708,1.3748
4213000,Conneaut Creek at Conneaut OH,US,455.2974,41.926999,-80.603966,83.72,6.328413262,79.8,6.032099597,83.72,6.328413262,0.12908,0.009757186,0.12908,0.009757186,0.24136,0.018244456,2.884,0.218002196,2.198,0.166147305,3.332,0.251866615,26.0064,1.965829511,24.22,1.830795141,26.5328,2.005620203,0.275184,0.020801219,0.212296,0.016047501,26.5328,2.005620203,0.365179354,0.339368435,0.167834666,362,152,362,250,250,286,0.49,0.62,0.43,1.7337,2.1942,1.4836
4213075,"Brandy Run near Girard, PA",US,11.6514,41.992,-80.291174,2.3464,3.68616875,1.6352,2.568881325,2.3464,3.68616875,0.02492,0.039149048,0.02492,0.039149048,0.03388,0.05322511,0.0812,0.127564312,0.0546,0.085776003,0.10556,0.165833606,0.45416,0.713480395,0.33096,0.519934542,0.52346,0.822349938,0.03024,0.047506709,0.027664,0.043459842,0.52346,0.822349938,0.431605421,0.418651126,0.416825542,361,190,361,250,250,275,0.55,0.69,0.5,1.5256,1.891,1.3366
4213500,CATTARAUGUS CR AT GOWANDA NY,US,1128.811,42.46395,-78.935035,232.4,612.1158911,134.68,354.7322212,232.4,612.1158911,3.332,8.776119403,3.332,8.776119403,4.844,12.75856014,11.676,30.75329236,10.08,26.54960492,12.782,33.66637401,64.232,169.1799824,47.208,124.3406497,73.752,194.2546093,4.3344,11.41633011,3.7632,9.911852502,73.752,194.2546093,0.460131841,0.411001345,0.465116215,93,196,93,270,270,281,0.37,0.43,0.34,1.206,1.1996,1.1579
4215000,CAYUGA CREEK NR LANCASTER NY,US,248.0184,42.890059,-78.645028,58.8,9.924102975,21.84,3.686095391,58.8,9.924102975,0.06608,0.011152801,0.06608,0.011152801,0.3416,0.057654313,1.316,0.222110876,0.7168,0.120979541,1.687,0.28472724,15.792,2.665330513,7.1848,1.212630868,19.95,3.367106367,0.163296,0.027560652,0.103488,0.017466421,19.95,3.367106367,0.417965445,0.429870812,0.39256721,93,152,93,252,252,281,0.57,0.79,0.5,1.7816,1.891,1.5495
4215500,CAZENOVIA CREEK AT EBENEZER NY,US,350.7246,42.829781,-78.775031,97.72,4.461145588,46.48,2.121920251,97.72,4.461145588,0.4312,0.019685284,0.4312,0.019685284,0.9408,0.042949711,3.304,0.150835295,2.1252,0.09702033,4.424,0.201965903,25.2224,1.151461303,17.4944,0.798660104,26.4222,1.206234967,0.68376,0.031215236,0.52304,0.023877994,26.4222,1.206234967,0.422477257,0.384631714,0.420760314,93,182,93,251,251,281,0.52,0.71,0.44,1.4197,1.5262,1.2868
4216418,TONAWANDA CREEK AT ATTICA NY,US,196.4727,42.863949,-78.283628,47.32,8.590019231,23.94,4.345838132,47.32,8.590019231,0.28,0.050828516,0.28,0.050828516,0.6692,0.121480154,1.6688,0.302937956,1.2544,0.227711752,1.9334,0.350970904,12.2808,2.229338719,9.6488,1.751550667,12.6028,2.287791512,0.47544,0.08630682,0.39424,0.071566551,12.6028,2.287791512,0.423556237,0.385428218,0.425935619,93,182,93,251,251,281,0.5,0.6,0.43,1.4176,1.4552,1.3495
4217000,TONAWANDA CREEK AT BATAVIA NY,US,443.268,42.99756,-78.188628,73.64,27.723729,27.048,10.1829362,73.64,27.723729,0.5768,0.217151642,0.5768,0.217151642,1.582,0.595585813,2.6908,1.013022949,2.1364,0.804304381,3.08,1.159547601,22.1592,8.34241792,16.5312,6.223608213,26.9318,10.13918963,0.88648,0.333738882,0.7196,0.270912485,26.9318,10.13918963,0.470281514,0.454085121,0.475884268,94,180,94,252,252,281,0.4,0.51,0.37,1.374,1.295,1.2905
4218000,TONAWANDA CREEK AT RAPIDS NY,US,896.9733,43.093113,-78.63614,86.24,270.4243018,31.92,100.0921117,86.24,270.4243018,0.966,3.029103381,0.966,3.029103381,2.7188,8.525389515,5.32,16.68201862,3.92,12.29201372,6.384,20.01842234,40.824,128.0125429,23.0104,72.15412053,50.4,158.0401764,1.32328,4.149432631,1.15248,3.613852033,50.4,158.0401764,0.440580098,0.472974023,0.437887814,96,153,96,249,249,281,0.24,0.33,0.21,1.2442,1.0833,1.129
4218518,ELLICOTT CREEK BELOW WILLIAMSVILLE NY,US,220.2912,42.977836,-78.763643,25.76,2.684052045,16.268,1.695037215,25.76,2.684052045,0.7112,0.074103176,0.7112,0.074103176,1.0444,0.108820806,1.694,0.176505596,1.6744,0.174463383,1.722,0.179423044,11.6312,1.211907847,5.0568,0.526891086,14.7364,1.535452816,0.83272,0.0867649,0.78568,0.081863587,14.7364,1.535452816,0.463521399,0.443013354,0.438712052,77,153,77,244,244,281,0.29,0.33,0.28,1.1935,0.9922,1.1522